index,start,end,length
01,22.292,33.18,10.887999999999998
02,321.431,329.48,8.049000000000035
03,28.276,50.277,22.001
04,267.951,281.51,13.558999999999969
05,125.235,140.21,14.975000000000009
06,54.698,68.298,13.600000000000001
07,1.501,16.014,14.513
08,97.151,109.544,12.393
09,259.452,271.071,11.619000000000028
10,83.574,96.748,13.174000000000007
